<?xml version="1.0" encoding="UTF-8"?>
<!DOCTYPE score-partwise PUBLIC "-//Recordare//DTD MusicXML 3.0 Partwise//EN" "http://www.musicxml.org/dtds/partwise.dtd">
<score-partwise>
  <identification>
    <encoding>
      <software>MuseScore 2.0.3</software>
      <encoding-date>2017-04-05</encoding-date>
      <supports element="accidental" type="yes"/>
      <supports element="beam" type="yes"/>
      <supports element="print" attribute="new-page" type="yes" value="yes"/>
      <supports element="print" attribute="new-system" type="yes" value="yes"/>
      <supports element="stem" type="yes"/>
      </encoding>
    </identification>
  <defaults>
    <scaling>
      <millimeters>7.05556</millimeters>
      <tenths>40</tenths>
      </scaling>
    <page-layout>
      <page-height>1683.36</page-height>
      <page-width>1190.88</page-width>
      <page-margins type="even">
        <left-margin>56.6929</left-margin>
        <right-margin>56.6929</right-margin>
        <top-margin>56.6929</top-margin>
        <bottom-margin>113.386</bottom-margin>
        </page-margins>
      <page-margins type="odd">
        <left-margin>56.6929</left-margin>
        <right-margin>56.6929</right-margin>
        <top-margin>56.6929</top-margin>
        <bottom-margin>113.386</bottom-margin>
        </page-margins>
      </page-layout>
    <word-font font-family="FreeSerif" font-size="10"/>
    <lyric-font font-family="FreeSerif" font-size="11"/>
    </defaults>
  <part-list>
    <score-part id="P1">
      <part-name>Piano</part-name>
      <part-abbreviation>Pno.</part-abbreviation>
      <score-instrument id="P1-I1">
        <instrument-name>Piano</instrument-name>
        </score-instrument>
      <midi-device id="P1-I1" port="1"></midi-device>
      <midi-instrument id="P1-I1">
        <midi-channel>1</midi-channel>
        <midi-program>1</midi-program>
        <volume>78.7402</volume>
        <pan>0</pan>
        </midi-instrument>
      </score-part>
    </part-list>
  <part id="P1">
    <measure number="0" implicit="yes" width="126.84">
      <print>
        <system-layout>
          <system-margins>
            <left-margin>21.00</left-margin>
            <right-margin>-0.00</right-margin>
            </system-margins>
          <top-system-distance>70.00</top-system-distance>
          </system-layout>
        <staff-layout number="2">
          <staff-distance>65.00</staff-distance>
          </staff-layout>
        </print>
      <attributes>
        <divisions>2</divisions>
        <key>
          <fifths>-2</fifths>
          </key>
        <time>
          <beats>6</beats>
          <beat-type>4</beat-type>
          </time>
        <staves>2</staves>
        <clef number="1">
          <sign>G</sign>
          <line>2</line>
          </clef>
        <clef number="2">
          <sign>F</sign>
          <line>4</line>
          </clef>
        </attributes>
      <note default-x="97.39" default-y="-25.00">
        <pitch>
          <step>A</step>
          <octave>4</octave>
          </pitch>
        <duration>2</duration>
        <voice>1</voice>
        <type>quarter</type>
        <stem>up</stem>
        <staff>1</staff>
        </note>
      <backup>
        <duration>2</duration>
        </backup>
      <note>
        <rest/>
        <duration>2</duration>
        <voice>5</voice>
        <type>quarter</type>
        <staff>2</staff>
        </note>
      </measure>
    <measure number="1" width="145.89">
      <note default-x="12.00" default-y="-20.00">
        <pitch>
          <step>B</step>
          <alter>-1</alter>
          <octave>4</octave>
          </pitch>
        <duration>4</duration>
        <voice>1</voice>
        <type>half</type>
        <stem>down</stem>
        <staff>1</staff>
        </note>
      <note default-x="50.06" default-y="-20.00">
        <pitch>
          <step>B</step>
          <alter>-1</alter>
          <octave>4</octave>
          </pitch>
        <duration>2</duration>
        <voice>1</voice>
        <type>quarter</type>
        <stem>down</stem>
        <staff>1</staff>
        </note>
      <note default-x="73.61" default-y="-20.00">
        <pitch>
          <step>B</step>
          <alter>-1</alter>
          <octave>4</octave>
          </pitch>
        <duration>2</duration>
        <voice>1</voice>
        <type>quarter</type>
        <stem>down</stem>
        <staff>1</staff>
        </note>
      <note default-x="97.17" default-y="-15.00">
        <pitch>
          <step>C</step>
          <octave>5</octave>
          </pitch>
        <duration>2</duration>
        <voice>1</voice>
        <type>quarter</type>
        <stem>down</stem>
        <staff>1</staff>
        </note>
      <note default-x="120.73" default-y="-10.00">
        <pitch>
          <step>D</step>
          <octave>5</octave>
          </pitch>
        <duration>2</duration>
        <voice>1</voice>
        <type>quarter</type>
        <stem>down</stem>
        <staff>1</staff>
        </note>
      <backup>
        <duration>12</duration>
        </backup>
      <note default-x="12.00" default-y="-135.00">
        <pitch>
          <step>B</step>
          <alter>-1</alter>
          <octave>2</octave>
          </pitch>
        <duration>6</duration>
        <voice>5</voice>
        <type>half</type>
        <dot/>
        <stem>up</stem>
        <staff>2</staff>
        </note>
      <note>
        <rest/>
        <duration>2</duration>
        <voice>5</voice>
        <type>quarter</type>
        <staff>2</staff>
        </note>
      <note>
        <rest/>
        <duration>4</duration>
        <voice>5</voice>
        <type>half</type>
        <staff>2</staff>
        </note>
      </measure>
    <measure number="2" width="161.20">
      <note default-x="12.36" default-y="-15.00">
        <pitch>
          <step>C</step>
          <octave>5</octave>
          </pitch>
        <duration>2</duration>
        <voice>1</voice>
        <type>quarter</type>
        <stem>down</stem>
        <staff>1</staff>
        </note>
      <note default-x="36.90" default-y="-25.00">
        <pitch>
          <step>A</step>
          <octave>4</octave>
          </pitch>
        <duration>2</duration>
        <voice>1</voice>
        <type>quarter</type>
        <stem>up</stem>
        <staff>1</staff>
        </note>
      <note default-x="61.44" default-y="-35.00">
        <pitch>
          <step>F</step>
          <octave>4</octave>
          </pitch>
        <duration>2</duration>
        <voice>1</voice>
        <type>quarter</type>
        <stem>up</stem>
        <staff>1</staff>
        </note>
      <note default-x="85.98" default-y="-35.00">
        <pitch>
          <step>F</step>
          <octave>4</octave>
          </pitch>
        <duration>2</duration>
        <voice>1</voice>
        <type>quarter</type>
        <stem>up</stem>
        <staff>1</staff>
        </note>
      <note default-x="110.52" default-y="-30.00">
        <pitch>
          <step>G</step>
          <octave>4</octave>
          </pitch>
        <duration>2</duration>
        <voice>1</voice>
        <type>quarter</type>
        <stem>up</stem>
        <staff>1</staff>
        </note>
      <note default-x="135.06" default-y="-25.00">
        <pitch>
          <step>A</step>
          <octave>4</octave>
          </pitch>
        <duration>2</duration>
        <voice>1</voice>
        <type>quarter</type>
        <stem>up</stem>
        <staff>1</staff>
        </note>
      <backup>
        <duration>12</duration>
        </backup>
      <note default-x="12.00" default-y="-115.00">
        <pitch>
          <step>F</step>
          <octave>3</octave>
          </pitch>
        <duration>6</duration>
        <voice>5</voice>
        <type>half</type>
        <dot/>
        <stem>down</stem>
        <staff>2</staff>
        </note>
      <note>
        <rest/>
        <duration>2</duration>
        <voice>5</voice>
        <type>quarter</type>
        <staff>2</staff>
        </note>
      <note>
        <rest/>
        <duration>4</duration>
        <voice>5</voice>
        <type>half</type>
        <staff>2</staff>
        </note>
      </measure>
    <measure number="3" width="161.20">
      <note default-x="12.36" default-y="-20.00">
        <pitch>
          <step>B</step>
          <alter>-1</alter>
          <octave>4</octave>
          </pitch>
        <duration>2</duration>
        <voice>1</voice>
        <type>quarter</type>
        <stem>down</stem>
        <staff>1</staff>
        </note>
      <note default-x="36.90" default-y="-25.00">
        <pitch>
          <step>A</step>
          <octave>4</octave>
          </pitch>
        <duration>2</duration>
        <voice>1</voice>
        <type>quarter</type>
        <stem>up</stem>
        <staff>1</staff>
        </note>
      <note default-x="61.44" default-y="-30.00">
        <pitch>
          <step>G</step>
          <octave>4</octave>
          </pitch>
        <duration>2</duration>
        <voice>1</voice>
        <type>quarter</type>
        <stem>up</stem>
        <staff>1</staff>
        </note>
      <note default-x="85.98" default-y="-30.00">
        <pitch>
          <step>G</step>
          <octave>4</octave>
          </pitch>
        <duration>2</duration>
        <voice>1</voice>
        <type>quarter</type>
        <stem>up</stem>
        <staff>1</staff>
        </note>
      <note default-x="110.52" default-y="-25.00">
        <pitch>
          <step>A</step>
          <octave>4</octave>
          </pitch>
        <duration>2</duration>
        <voice>1</voice>
        <type>quarter</type>
        <stem>up</stem>
        <staff>1</staff>
        </note>
      <note default-x="135.06" default-y="-20.00">
        <pitch>
          <step>B</step>
          <alter>-1</alter>
          <octave>4</octave>
          </pitch>
        <duration>2</duration>
        <voice>1</voice>
        <type>quarter</type>
        <stem>down</stem>
        <staff>1</staff>
        </note>
      <backup>
        <duration>12</duration>
        </backup>
      <note default-x="12.00" default-y="-110.00">
        <pitch>
          <step>G</step>
          <octave>3</octave>
          </pitch>
        <duration>6</duration>
        <voice>5</voice>
        <type>half</type>
        <dot/>
        <stem>down</stem>
        <staff>2</staff>
        </note>
      <note>
        <rest/>
        <duration>2</duration>
        <voice>5</voice>
        <type>quarter</type>
        <staff>2</staff>
        </note>
      <note>
        <rest/>
        <duration>4</duration>
        <voice>5</voice>
        <type>half</type>
        <staff>2</staff>
        </note>
      </measure>
    <measure number="4" width="130.95">
      <note default-x="12.00" default-y="-25.00">
        <pitch>
          <step>A</step>
          <octave>4</octave>
          </pitch>
        <duration>4</duration>
        <voice>1</voice>
        <type>half</type>
        <stem>up</stem>
        <staff>1</staff>
        </note>
      <note default-x="44.99" default-y="-45.00">
        <pitch>
          <step>D</step>
          <octave>4</octave>
          </pitch>
        <duration>2</duration>
        <voice>1</voice>
        <type>quarter</type>
        <stem>up</stem>
        <staff>1</staff>
        </note>
      <note default-x="65.03" default-y="-45.00">
        <pitch>
          <step>D</step>
          <octave>4</octave>
          </pitch>
        <duration>4</duration>
        <voice>1</voice>
        <type>half</type>
        <stem>up</stem>
        <staff>1</staff>
        </note>
      <note default-x="106.18" default-y="-35.00">
        <pitch>
          <step>F</step>
          <octave>4</octave>
          </pitch>
        <duration>2</duration>
        <voice>1</voice>
        <type>quarter</type>
        <stem>up</stem>
        <staff>1</staff>
        </note>
      <backup>
        <duration>12</duration>
        </backup>
      <note default-x="12.00" default-y="-125.00">
        <pitch>
          <step>D</step>
          <octave>3</octave>
          </pitch>
        <duration>6</duration>
        <voice>5</voice>
        <type>half</type>
        <dot/>
        <stem>down</stem>
        <staff>2</staff>
        </note>
      <note>
        <rest/>
        <duration>2</duration>
        <voice>5</voice>
        <type>quarter</type>
        <staff>2</staff>
        </note>
      <note>
        <rest/>
        <duration>4</duration>
        <voice>5</voice>
        <type>half</type>
        <staff>2</staff>
        </note>
      </measure>
    <measure number="5" width="169.23">
      <note default-x="12.36" default-y="-20.00">
        <pitch>
          <step>B</step>
          <alter>-1</alter>
          <octave>4</octave>
          </pitch>
        <duration>3</duration>
        <voice>1</voice>
        <type>quarter</type>
        <dot/>
        <stem>down</stem>
        <staff>1</staff>
        </note>
      <note default-x="44.76" default-y="-15.00">
        <pitch>
          <step>C</step>
          <octave>5</octave>
          </pitch>
        <duration>1</duration>
        <voice>1</voice>
        <type>eighth</type>
        <stem>down</stem>
        <staff>1</staff>
        </note>
      <note default-x="61.36" default-y="-20.00">
        <pitch>
          <step>B</step>
          <alter>-1</alter>
          <octave>4</octave>
          </pitch>
        <duration>2</duration>
        <voice>1</voice>
        <type>quarter</type>
        <stem>down</stem>
        <staff>1</staff>
        </note>
      <note default-x="87.93" default-y="-20.00">
        <pitch>
          <step>B</step>
          <alter>-1</alter>
          <octave>4</octave>
          </pitch>
        <duration>2</duration>
        <voice>1</voice>
        <type>quarter</type>
        <stem>down</stem>
        <staff>1</staff>
        </note>
      <note default-x="114.49" default-y="-15.00">
        <pitch>
          <step>C</step>
          <octave>5</octave>
          </pitch>
        <duration>2</duration>
        <voice>1</voice>
        <type>quarter</type>
        <stem>down</stem>
        <staff>1</staff>
        </note>
      <note default-x="141.06" default-y="-10.00">
        <pitch>
          <step>D</step>
          <octave>5</octave>
          </pitch>
        <duration>2</duration>
        <voice>1</voice>
        <type>quarter</type>
        <stem>down</stem>
        <staff>1</staff>
        </note>
      <backup>
        <duration>12</duration>
        </backup>
      <note default-x="12.00" default-y="-135.00">
        <pitch>
          <step>B</step>
          <alter>-1</alter>
          <octave>2</octave>
          </pitch>
        <duration>6</duration>
        <voice>5</voice>
        <type>half</type>
        <dot/>
        <stem>up</stem>
        <staff>2</staff>
        </note>
      <note>
        <rest/>
        <duration>2</duration>
        <voice>5</voice>
        <type>quarter</type>
        <staff>2</staff>
        </note>
      <note>
        <rest/>
        <duration>4</duration>
        <voice>5</voice>
        <type>half</type>
        <staff>2</staff>
        </note>
      </measure>
    <measure number="6" width="161.20">
      <note default-x="12.36" default-y="-15.00">
        <pitch>
          <step>C</step>
          <octave>5</octave>
          </pitch>
        <duration>2</duration>
        <voice>1</voice>
        <type>quarter</type>
        <stem>down</stem>
        <staff>1</staff>
        </note>
      <note default-x="36.90" default-y="-25.00">
        <pitch>
          <step>A</step>
          <octave>4</octave>
          </pitch>
        <duration>2</duration>
        <voice>1</voice>
        <type>quarter</type>
        <stem>up</stem>
        <staff>1</staff>
        </note>
      <note default-x="61.44" default-y="-35.00">
        <pitch>
          <step>F</step>
          <octave>4</octave>
          </pitch>
        <duration>2</duration>
        <voice>1</voice>
        <type>quarter</type>
        <stem>up</stem>
        <staff>1</staff>
        </note>
      <note default-x="85.98" default-y="-35.00">
        <pitch>
          <step>F</step>
          <octave>4</octave>
          </pitch>
        <duration>2</duration>
        <voice>1</voice>
        <type>quarter</type>
        <stem>up</stem>
        <staff>1</staff>
        </note>
      <note default-x="110.52" default-y="-30.00">
        <pitch>
          <step>G</step>
          <octave>4</octave>
          </pitch>
        <duration>2</duration>
        <voice>1</voice>
        <type>quarter</type>
        <stem>up</stem>
        <staff>1</staff>
        </note>
      <note default-x="135.06" default-y="-25.00">
        <pitch>
          <step>A</step>
          <octave>4</octave>
          </pitch>
        <duration>2</duration>
        <voice>1</voice>
        <type>quarter</type>
        <stem>up</stem>
        <staff>1</staff>
        </note>
      <backup>
        <duration>12</duration>
        </backup>
      <note default-x="12.00" default-y="-115.00">
        <pitch>
          <step>F</step>
          <octave>3</octave>
          </pitch>
        <duration>6</duration>
        <voice>5</voice>
        <type>half</type>
        <dot/>
        <stem>down</stem>
        <staff>2</staff>
        </note>
      <note>
        <rest/>
        <duration>2</duration>
        <voice>5</voice>
        <type>quarter</type>
        <staff>2</staff>
        </note>
      <note>
        <rest/>
        <duration>4</duration>
        <voice>5</voice>
        <type>half</type>
        <staff>2</staff>
        </note>
      </measure>
    <measure number="7" width="219.04">
      <print new-system="yes">
        <system-layout>
          <system-margins>
            <left-margin>21.00</left-margin>
            <right-margin>-0.00</right-margin>
            </system-margins>
          <system-distance>150.00</system-distance>
          </system-layout>
        <staff-layout number="2">
          <staff-distance>65.00</staff-distance>
          </staff-layout>
        </print>
      <note default-x="75.72" default-y="-20.00">
        <pitch>
          <step>B</step>
          <alter>-1</alter>
          <octave>4</octave>
          </pitch>
        <duration>2</duration>
        <voice>1</voice>
        <type>quarter</type>
        <stem>down</stem>
        <staff>1</staff>
        </note>
      <note default-x="99.69" default-y="-25.00">
        <pitch>
          <step>A</step>
          <octave>4</octave>
          </pitch>
        <duration>2</duration>
        <voice>1</voice>
        <type>quarter</type>
        <stem>up</stem>
        <staff>1</staff>
        </note>
      <note default-x="123.66" default-y="-30.00">
        <pitch>
          <step>G</step>
          <octave>4</octave>
          </pitch>
        <duration>2</duration>
        <voice>1</voice>
        <type>quarter</type>
        <stem>up</stem>
        <staff>1</staff>
        </note>
      <note default-x="147.64" default-y="-25.00">
        <pitch>
          <step>A</step>
          <octave>4</octave>
          </pitch>
        <duration>2</duration>
        <voice>1</voice>
        <type>quarter</type>
        <stem>up</stem>
        <staff>1</staff>
        </note>
      <note default-x="178.72" default-y="-35.00">
        <pitch>
          <step>F</step>
          <alter>1</alter>
          <octave>4</octave>
          </pitch>
        <duration>4</duration>
        <voice>1</voice>
        <type>half</type>
        <accidental>sharp</accidental>
        <stem>up</stem>
        <staff>1</staff>
        </note>
      <backup>
        <duration>12</duration>
        </backup>
      <note default-x="75.36" default-y="-110.00">
        <pitch>
          <step>G</step>
          <octave>3</octave>
          </pitch>
        <duration>6</duration>
        <voice>5</voice>
        <type>half</type>
        <dot/>
        <stem>down</stem>
        <staff>2</staff>
        </note>
      <note default-x="147.28" default-y="-125.00">
        <pitch>
          <step>D</step>
          <octave>3</octave>
          </pitch>
        <duration>6</duration>
        <voice>5</voice>
        <type>half</type>
        <dot/>
        <stem>down</stem>
        <staff>2</staff>
        </note>
      </measure>
    <measure number="8" width="136.07">
      <note default-x="12.00" default-y="-30.00">
        <pitch>
          <step>G</step>
          <octave>4</octave>
          </pitch>
        <duration>6</duration>
        <tie type="start"/>
        <voice>1</voice>
        <type>half</type>
        <dot/>
        <stem>up</stem>
        <staff>1</staff>
        <notations>
          <tied type="start"/>
          </notations>
        </note>
      <note default-x="63.97" default-y="-30.00">
        <pitch>
          <step>G</step>
          <octave>4</octave>
          </pitch>
        <duration>4</duration>
        <tie type="stop"/>
        <voice>1</voice>
        <type>half</type>
        <stem>up</stem>
        <staff>1</staff>
        <notations>
          <tied type="stop"/>
          </notations>
        </note>
      <backup>
        <duration>10</duration>
        </backup>
      <note default-x="12.00" default-y="-145.00">
        <pitch>
          <step>G</step>
          <octave>2</octave>
          </pitch>
        <duration>6</duration>
        <tie type="start"/>
        <voice>5</voice>
        <type>half</type>
        <dot/>
        <stem>up</stem>
        <staff>2</staff>
        <notations>
          <tied type="start"/>
          </notations>
        </note>
      <note default-x="63.97" default-y="-145.00">
        <pitch>
          <step>G</step>
          <octave>2</octave>
          </pitch>
        <duration>4</duration>
        <tie type="stop"/>
        <voice>5</voice>
        <type>half</type>
        <stem>up</stem>
        <staff>2</staff>
        <notations>
          <tied type="stop"/>
          </notations>
        </note>
      <barline location="right">
        <bar-style>light-heavy</bar-style>
        <repeat direction="backward"/>
        </barline>
      </measure>
    <measure number="9" width="67.72">
      <barline location="left">
        <bar-style>heavy-light</bar-style>
        <repeat direction="forward"/>
        </barline>
      <note default-x="12.94" default-y="-10.00">
        <pitch>
          <step>D</step>
          <octave>5</octave>
          </pitch>
        <duration>1</duration>
        <voice>1</voice>
        <type>eighth</type>
        <stem>down</stem>
        <staff>1</staff>
        <beam number="1">begin</beam>
        </note>
      <note default-x="39.53" default-y="-5.00">
        <pitch>
          <step>E</step>
          <alter>-1</alter>
          <octave>5</octave>
          </pitch>
        <duration>1</duration>
        <voice>1</voice>
        <type>eighth</type>
        <stem>down</stem>
        <staff>1</staff>
        <beam number="1">end</beam>
        </note>
      <backup>
        <duration>2</duration>
        </backup>
      <note>
        <rest/>
        <duration>2</duration>
        <voice>5</voice>
        <type>quarter</type>
        <staff>2</staff>
        </note>
      </measure>
    <measure number="10" width="149.54">
      <note default-x="12.00" default-y="0.00">
        <pitch>
          <step>F</step>
          <octave>5</octave>
          </pitch>
        <duration>4</duration>
        <voice>1</voice>
        <type>half</type>
        <stem>down</stem>
        <staff>1</staff>
        </note>
      <note default-x="51.10" default-y="0.00">
        <pitch>
          <step>F</step>
          <octave>5</octave>
          </pitch>
        <duration>2</duration>
        <voice>1</voice>
        <type>quarter</type>
        <stem>down</stem>
        <staff>1</staff>
        </note>
      <note default-x="75.31" default-y="0.00">
        <pitch>
          <step>F</step>
          <octave>5</octave>
          </pitch>
        <duration>2</duration>
        <voice>1</voice>
        <type>quarter</type>
        <stem>down</stem>
        <staff>1</staff>
        </note>
      <note default-x="99.52" default-y="-5.00">
        <pitch>
          <step>E</step>
          <alter>-1</alter>
          <octave>5</octave>
          </pitch>
        <duration>2</duration>
        <voice>1</voice>
        <type>quarter</type>
        <stem>down</stem>
        <staff>1</staff>
        </note>
      <note default-x="123.73" default-y="-10.00">
        <pitch>
          <step>D</step>
          <octave>5</octave>
          </pitch>
        <duration>2</duration>
        <voice>1</voice>
        <type>quarter</type>
        <stem>down</stem>
        <staff>1</staff>
        </note>
      <backup>
        <duration>12</duration>
        </backup>
      <note default-x="12.00" default-y="-105.00">
        <pitch>
          <step>A</step>
          <octave>3</octave>
          </pitch>
        <duration>6</duration>
        <voice>5</voice>
        <type>half</type>
        <dot/>
        <stem>down</stem>
        <staff>2</staff>
        </note>
      <note>
        <rest/>
        <duration>2</duration>
        <voice>5</voice>
        <type>quarter</type>
        <staff>2</staff>
        </note>
      <note>
        <rest/>
        <duration>4</duration>
        <voice>5</voice>
        <type>half</type>
        <staff>2</staff>
        </note>
      </measure>
    <measure number="11" width="165.32">
      <note default-x="12.36" default-y="-15.00">
        <pitch>
          <step>C</step>
          <octave>5</octave>
          </pitch>
        <duration>2</duration>
        <voice>1</voice>
        <type>quarter</type>
        <stem>down</stem>
        <staff>1</staff>
        </note>
      <note default-x="37.59" default-y="-25.00">
        <pitch>
          <step>A</step>
          <octave>4</octave>
          </pitch>
        <duration>2</duration>
        <voice>1</voice>
        <type>quarter</type>
        <stem>up</stem>
        <staff>1</staff>
        </note>
      <note default-x="62.81" default-y="-35.00">
        <pitch>
          <step>F</step>
          <octave>4</octave>
          </pitch>
        <duration>2</duration>
        <voice>1</voice>
        <type>quarter</type>
        <stem>up</stem>
        <staff>1</staff>
        </note>
      <note default-x="87.68" default-y="-35.00">
        <pitch>
          <step>F</step>
          <octave>4</octave>
          </pitch>
        <duration>4</duration>
        <voice>1</voice>
        <type>half</type>
        <stem>up</stem>
        <staff>1</staff>
        </note>
      <note default-x="138.49" default-y="0.00">
        <pitch>
          <step>F</step>
          <alter>1</alter>
          <octave>5</octave>
          </pitch>
        <duration>2</duration>
        <voice>1</voice>
        <type>quarter</type>
        <accidental>sharp</accidental>
        <stem>down</stem>
        <staff>1</staff>
        </note>
      <backup>
        <duration>12</duration>
        </backup>
      <note default-x="12.00" default-y="-115.00">
        <pitch>
          <step>F</step>
          <octave>3</octave>
          </pitch>
        <duration>6</duration>
        <voice>5</voice>
        <type>half</type>
        <dot/>
        <stem>down</stem>
        <staff>2</staff>
        </note>
      <note>
        <rest/>
        <duration>2</duration>
        <voice>5</voice>
        <type>quarter</type>
        <staff>2</staff>
        </note>
      <note>
        <rest/>
        <duration>4</duration>
        <voice>5</voice>
        <type>half</type>
        <staff>2</staff>
        </note>
      </measure>
    <measure number="12" width="157.54">
      <note default-x="12.00" default-y="5.00">
        <pitch>
          <step>G</step>
          <octave>5</octave>
          </pitch>
        <duration>4</duration>
        <voice>1</voice>
        <type>half</type>
        <stem>down</stem>
        <staff>1</staff>
        </note>
      <note default-x="53.38" default-y="5.00">
        <pitch>
          <step>G</step>
          <octave>5</octave>
          </pitch>
        <duration>2</duration>
        <voice>1</voice>
        <type>quarter</type>
        <stem>down</stem>
        <staff>1</staff>
        </note>
      <note default-x="79.02" default-y="15.00">
        <pitch>
          <step>B</step>
          <alter>-1</alter>
          <octave>5</octave>
          </pitch>
        <duration>2</duration>
        <voice>1</voice>
        <type>quarter</type>
        <stem>down</stem>
        <staff>1</staff>
        </note>
      <note default-x="104.66" default-y="10.00">
        <pitch>
          <step>A</step>
          <octave>5</octave>
          </pitch>
        <duration>2</duration>
        <voice>1</voice>
        <type>quarter</type>
        <stem>down</stem>
        <staff>1</staff>
        </note>
      <note default-x="130.30" default-y="5.00">
        <pitch>
          <step>G</step>
          <octave>5</octave>
          </pitch>
        <duration>2</duration>
        <voice>1</voice>
        <type>quarter</type>
        <stem>down</stem>
        <staff>1</staff>
        </note>
      <backup>
        <duration>12</duration>
        </backup>
      <note default-x="12.00" default-y="-100.00">
        <pitch>
          <step>B</step>
          <alter>-1</alter>
          <octave>3</octave>
          </pitch>
        <duration>6</duration>
        <voice>5</voice>
        <type>half</type>
        <dot/>
        <stem>down</stem>
        <staff>2</staff>
        </note>
      <note>
        <rest/>
        <duration>2</duration>
        <voice>5</voice>
        <type>quarter</type>
        <staff>2</staff>
        </note>
      <note>
        <rest/>
        <duration>4</duration>
        <voice>5</voice>
        <type>half</type>
        <staff>2</staff>
        </note>
      </measure>
    <measure number="13" width="161.26">
      <note default-x="18.42" default-y="0.00">
        <pitch>
          <step>F</step>
          <alter>1</alter>
          <octave>5</octave>
          </pitch>
        <duration>2</duration>
        <voice>1</voice>
        <type>quarter</type>
        <accidental>sharp</accidental>
        <stem>down</stem>
        <staff>1</staff>
        </note>
      <note default-x="41.96" default-y="-10.00">
        <pitch>
          <step>D</step>
          <octave>5</octave>
          </pitch>
        <duration>2</duration>
        <voice>1</voice>
        <type>quarter</type>
        <stem>down</stem>
        <staff>1</staff>
        </note>
      <note default-x="65.50" default-y="-10.00">
        <pitch>
          <step>D</step>
          <octave>5</octave>
          </pitch>
        <duration>2</duration>
        <voice>1</voice>
        <type>quarter</type>
        <stem>down</stem>
        <staff>1</staff>
        </note>
      <note default-x="88.68" default-y="-10.00">
        <pitch>
          <step>D</step>
          <octave>5</octave>
          </pitch>
        <duration>4</duration>
        <voice>1</voice>
        <type>half</type>
        <stem>down</stem>
        <staff>1</staff>
        </note>
      <note default-x="136.12" default-y="-5.00">
        <pitch>
          <step>E</step>
          <octave>5</octave>
          </pitch>
        <duration>2</duration>
        <voice>1</voice>
        <type>quarter</type>
        <accidental>natural</accidental>
        <stem>down</stem>
        <staff>1</staff>
        </note>
      <backup>
        <duration>12</duration>
        </backup>
      <note default-x="18.05" default-y="-125.00">
        <pitch>
          <step>D</step>
          <octave>3</octave>
          </pitch>
        <duration>6</duration>
        <voice>5</voice>
        <type>half</type>
        <dot/>
        <stem>down</stem>
        <staff>2</staff>
        </note>
      <note>
        <rest/>
        <duration>2</duration>
        <voice>5</voice>
        <type>quarter</type>
        <staff>2</staff>
        </note>
      <note>
        <rest/>
        <duration>4</duration>
        <voice>5</voice>
        <type>half</type>
        <staff>2</staff>
        </note>
      </measure>
    <measure number="14" width="317.98">
      <print new-system="yes">
        <system-layout>
          <system-margins>
            <left-margin>21.00</left-margin>
            <right-margin>-0.00</right-margin>
            </system-margins>
          <system-distance>150.00</system-distance>
          </system-layout>
        <staff-layout number="2">
          <staff-distance>65.00</staff-distance>
          </staff-layout>
        </print>
      <note default-x="75.72" default-y="0.00">
        <pitch>
          <step>F</step>
          <octave>5</octave>
          </pitch>
        <duration>2</duration>
        <voice>1</voice>
        <type>quarter</type>
        <stem>down</stem>
        <staff>1</staff>
        </note>
      <note default-x="115.83" default-y="5.00">
        <pitch>
          <step>G</step>
          <octave>5</octave>
          </pitch>
        <duration>2</duration>
        <voice>1</voice>
        <type>quarter</type>
        <stem>down</stem>
        <staff>1</staff>
        </note>
      <note default-x="155.94" default-y="0.00">
        <pitch>
          <step>F</step>
          <octave>5</octave>
          </pitch>
        <duration>2</duration>
        <voice>1</voice>
        <type>quarter</type>
        <stem>down</stem>
        <staff>1</staff>
        </note>
      <note default-x="196.05" default-y="0.00">
        <pitch>
          <step>F</step>
          <octave>5</octave>
          </pitch>
        <duration>2</duration>
        <voice>1</voice>
        <type>quarter</type>
        <stem>down</stem>
        <staff>1</staff>
        </note>
      <note default-x="236.16" default-y="-5.00">
        <pitch>
          <step>E</step>
          <alter>-1</alter>
          <octave>5</octave>
          </pitch>
        <duration>2</duration>
        <voice>1</voice>
        <type>quarter</type>
        <stem>down</stem>
        <staff>1</staff>
        </note>
      <note default-x="276.27" default-y="-10.00">
        <pitch>
          <step>D</step>
          <octave>5</octave>
          </pitch>
        <duration>2</duration>
        <voice>1</voice>
        <type>quarter</type>
        <stem>down</stem>
        <staff>1</staff>
        </note>
      <backup>
        <duration>12</duration>
        </backup>
      <note default-x="75.36" default-y="-100.00">
        <pitch>
          <step>B</step>
          <alter>-1</alter>
          <octave>3</octave>
          </pitch>
        <duration>6</duration>
        <voice>5</voice>
        <type>half</type>
        <dot/>
        <stem>down</stem>
        <staff>2</staff>
        </note>
      <note>
        <rest/>
        <duration>2</duration>
        <voice>5</voice>
        <type>quarter</type>
        <staff>2</staff>
        </note>
      <note>
        <rest/>
        <duration>4</duration>
        <voice>5</voice>
        <type>half</type>
        <staff>2</staff>
        </note>
      </measure>
    <measure number="15" width="266.51">
      <note default-x="12.36" default-y="-15.00">
        <pitch>
          <step>C</step>
          <octave>5</octave>
          </pitch>
        <duration>2</duration>
        <voice>1</voice>
        <type>quarter</type>
        <stem>down</stem>
        <staff>1</staff>
        </note>
      <note default-x="54.45" default-y="-25.00">
        <pitch>
          <step>A</step>
          <octave>4</octave>
          </pitch>
        <duration>2</duration>
        <voice>1</voice>
        <type>quarter</type>
        <stem>up</stem>
        <staff>1</staff>
        </note>
      <note default-x="96.54" default-y="-35.00">
        <pitch>
          <step>F</step>
          <octave>4</octave>
          </pitch>
        <duration>2</duration>
        <voice>1</voice>
        <type>quarter</type>
        <stem>up</stem>
        <staff>1</staff>
        </note>
      <note default-x="138.63" default-y="-35.00">
        <pitch>
          <step>F</step>
          <octave>4</octave>
          </pitch>
        <duration>2</duration>
        <voice>1</voice>
        <type>quarter</type>
        <stem>up</stem>
        <staff>1</staff>
        </note>
      <note default-x="180.73" default-y="-30.00">
        <pitch>
          <step>G</step>
          <octave>4</octave>
          </pitch>
        <duration>2</duration>
        <voice>1</voice>
        <type>quarter</type>
        <stem>up</stem>
        <staff>1</staff>
        </note>
      <note default-x="222.82" default-y="-25.00">
        <pitch>
          <step>A</step>
          <octave>4</octave>
          </pitch>
        <duration>2</duration>
        <voice>1</voice>
        <type>quarter</type>
        <stem>up</stem>
        <staff>1</staff>
        </note>
      <backup>
        <duration>12</duration>
        </backup>
      <note default-x="12.00" default-y="-105.00">
        <pitch>
          <step>A</step>
          <octave>3</octave>
          </pitch>
        <duration>6</duration>
        <voice>5</voice>
        <type>half</type>
        <dot/>
        <stem>down</stem>
        <staff>2</staff>
        </note>
      <note default-x="138.27" default-y="-125.00">
        <pitch>
          <step>D</step>
          <octave>3</octave>
          </pitch>
        <duration>4</duration>
        <voice>5</voice>
        <type>half</type>
        <stem>down</stem>
        <staff>2</staff>
        </note>
      <note default-x="222.82" default-y="-115.00">
        <pitch>
          <step>F</step>
          <alter>1</alter>
          <octave>3</octave>
          </pitch>
        <duration>2</duration>
        <voice>5</voice>
        <type>quarter</type>
        <accidental>sharp</accidental>
        <stem>down</stem>
        <staff>2</staff>
        </note>
      </measure>
    <measure number="16" width="267.23">
      <note default-x="12.36" default-y="-20.00">
        <pitch>
          <step>B</step>
          <alter>-1</alter>
          <octave>4</octave>
          </pitch>
        <duration>2</duration>
        <voice>1</voice>
        <type>quarter</type>
        <stem>down</stem>
        <staff>1</staff>
        </note>
      <note default-x="54.57" default-y="-25.00">
        <pitch>
          <step>A</step>
          <octave>4</octave>
          </pitch>
        <duration>2</duration>
        <voice>1</voice>
        <type>quarter</type>
        <stem>up</stem>
        <staff>1</staff>
        </note>
      <note default-x="96.78" default-y="-30.00">
        <pitch>
          <step>G</step>
          <octave>4</octave>
          </pitch>
        <duration>2</duration>
        <voice>1</voice>
        <type>quarter</type>
        <stem>up</stem>
        <staff>1</staff>
        </note>
      <note default-x="139.00" default-y="-25.00">
        <pitch>
          <step>A</step>
          <octave>4</octave>
          </pitch>
        <duration>2</duration>
        <voice>1</voice>
        <type>quarter</type>
        <stem>up</stem>
        <staff>1</staff>
        </note>
      <note default-x="180.85" default-y="-35.00">
        <pitch>
          <step>F</step>
          <alter>1</alter>
          <octave>4</octave>
          </pitch>
        <duration>4</duration>
        <voice>1</voice>
        <type>half</type>
        <accidental>sharp</accidental>
        <stem>up</stem>
        <staff>1</staff>
        </note>
      <backup>
        <duration>12</duration>
        </backup>
      <note default-x="12.00" default-y="-110.00">
        <pitch>
          <step>G</step>
          <octave>3</octave>
          </pitch>
        <duration>4</duration>
        <voice>5</voice>
        <type>half</type>
        <stem>down</stem>
        <staff>2</staff>
        </note>
      <note default-x="96.78" default-y="-120.00">
        <pitch>
          <step>E</step>
          <alter>-1</alter>
          <octave>3</octave>
          </pitch>
        <duration>2</duration>
        <voice>5</voice>
        <type>quarter</type>
        <stem>down</stem>
        <staff>2</staff>
        </note>
      <note default-x="138.63" default-y="-125.00">
        <pitch>
          <step>D</step>
          <octave>3</octave>
          </pitch>
        <duration>4</duration>
        <voice>5</voice>
        <type>half</type>
        <stem>down</stem>
        <staff>2</staff>
        </note>
      <note default-x="223.42" default-y="-160.00">
        <pitch>
          <step>D</step>
          <octave>2</octave>
          </pitch>
        <duration>2</duration>
        <voice>5</voice>
        <type>quarter</type>
        <stem>up</stem>
        <staff>2</staff>
        </note>
      </measure>
    <measure number="17" width="204.78">
      <note default-x="12.00" default-y="-30.00">
        <pitch>
          <step>G</step>
          <octave>4</octave>
          </pitch>
        <duration>6</duration>
        <tie type="start"/>
        <voice>1</voice>
        <type>half</type>
        <dot/>
        <stem>up</stem>
        <staff>1</staff>
        <notations>
          <tied type="start"/>
          </notations>
        </note>
      <note default-x="111.58" default-y="-30.00">
        <pitch>
          <step>G</step>
          <octave>4</octave>
          </pitch>
        <duration>4</duration>
        <tie type="stop"/>
        <voice>1</voice>
        <type>half</type>
        <stem>up</stem>
        <staff>1</staff>
        <notations>
          <tied type="stop"/>
          </notations>
        </note>
      <backup>
        <duration>10</duration>
        </backup>
      <note default-x="12.00" default-y="-145.00">
        <pitch>
          <step>G</step>
          <octave>2</octave>
          </pitch>
        <duration>6</duration>
        <tie type="start"/>
        <voice>5</voice>
        <type>half</type>
        <dot/>
        <stem>up</stem>
        <staff>2</staff>
        <notations>
          <tied type="start"/>
          </notations>
        </note>
      <note default-x="111.58" default-y="-145.00">
        <pitch>
          <step>G</step>
          <octave>2</octave>
          </pitch>
        <duration>4</duration>
        <tie type="stop"/>
        <voice>5</voice>
        <type>half</type>
        <stem>up</stem>
        <staff>2</staff>
        <notations>
          <tied type="stop"/>
          </notations>
        </note>
      <barline location="right">
        <bar-style>light-heavy</bar-style>
        <repeat direction="backward"/>
        </barline>
      </measure>
    </part>
  </score-partwise>
